sim_a_alone, sim_v_alone, sim_tr_alone, sim_z_alone
-5.862588791789023526e+04,-5.969430712124941783e+04,-5.908494607914281369e+04,-5.905661630186520779e+04
