sim_a_v, sim_tr_v, sim_z_v
-6.006295016032453714e+04,-6.058664660516799631e+04,-6.000791336989441334e+04
