sim_a_v_tr, sim_z_v_tr
-6.085917544919202192e+04,-6.082970655083835300e+04
