obs_a_tr, obs_v_tr, obs_z_tr
-2.770206169294559368e+04,-2.874307180989253902e+04,-2.688679223645307502e+04
