obs_a_alone, obs_v_alone, obs_tr_alone, obs_z_alone
-1.880356270517213488e+04,-1.987879456137059242e+04,-2.655603562490227705e+04,-1.822815571584167628e+04
