obs_a_v_tr, obs_z_v_tr
-2.951615212200980750e+04,-2.910526583898450554e+04
