v_a_t_B_subj_sim_reg, v_a_B_t_cpp_subj_sim_reg, t_cpp_v_B_subj_sim_reg
-6.297300357855713810e+04,-6.297537893392860133e+04,-6.290471839031936543e+04
