v_B & a_cpp, v_cpp & a_B
-7.087477002265497867e+04,-6.649246168330861838e+04
