v_B & a_cpp, v_cpp & a_B
-7.087305993764613231e+04,-6.648865710449009202e+04
