v_B & a_cpp, v_cpp & a_B
-7.795743331674560613e+04,-6.616970229973726964e+04
